Issue,Month,Year,Date
1,4,2016,01/04/16
2,6,2016,01/06/16
3,8,2016,01/08/16
4,10,2016,01/10/16
5,12,2016,01/12/16
6,2,2017,01/02/17
7,4,2017,01/04/17
8,6,2017,01/06/17
9,8,2017,01/08/17
10,10,2017,01/10/17
11,12,2017,01/12/17
12,2,2018,01/02/18
13,4,2018,01/04/18
14,6,2018,01/06/18
15,8,2018,01/08/18
16,10,2018,01/10/18
17,12,2018,01/12/18
18,2,2019,01/02/19
19,4,2019,01/04/19
20,6,2019,01/06/19
21,8,2019,01/08/19
22,10,2019,01/10/19
23,12,2019,01/12/19
24,2,2020,01/02/20
25,4,2020,01/04/20
26,6,2020,01/06/20
27,8,2020,01/08/20
28,10,2020,01/10/20
29,12,2020,01/12/20
30,2,2021,01/02/21
31,4,2021,01/04/21
32,6,2021,01/06/21
33,8,2021,01/08/21
34,10,2021,01/10/21
35,12,2021,01/12/21
36,2,2022,01/02/22
37,4,2022,01/04/22
38,6,2022,01/06/22
39,8,2022,01/08/22
40,10,2022,01/10/22
41,12,2022,01/12/22
42,2,2023,01/02/23
43,4,2023,01/04/23
44,6,2023,01/06/23
45,8,2023,01/08/23
46,10,2023,01/10/23
47,12,2023,01/12/23
48,2,2024,01/02/24
49,4,2024,01/04/24
50,6,2024,01/06/24
51,8,2024,01/08/24
52,10,2024,01/10/24
53,12,2024,01/12/24
54,2,2025,01/02/25
55,4,2025,01/04/25
56,6,2025,01/06/25
57,8,2025,01/08/25
58,10,2025,01/10/25
59,12,2025,01/12/25
60,2,2026,01/02/26
61,4,2026,01/04/26
62,6,2026,01/06/26
63,8,2026,01/08/26
64,10,2026,01/10/26
65,12,2026,01/12/26
66,2,2027,01/02/27
67,4,2027,01/04/27
68,6,2027,01/06/27
69,8,2027,01/08/27
70,10,2027,01/10/27
71,12,2027,01/12/27
72,2,2028,01/02/28
